[
  {"info":"夏日拖鞋潮男韩版潮流男士一字拖防滑凉鞋夏天个性沙滩潮拖凉拖男"},
  {"info":"韩版中长款纯色休闲青年风衣英伦秋冬男毛呢料宽松外套时尚大衣"},
  {"info":"李宁2016新款男子篮球鞋音速3高帮反弹篮球场地鞋ABAL031"},
  {"info":"adidas 阿迪达斯 篮球 男子 篮球鞋 Regulate"},
  {"info":"Nike 耐克官方 ZOOM KOBE VENOMENON 5 EP 男子篮球鞋"},
  {"info":"aSuo/走索男鞋马丁靴男秋冬户外靴子沙漠靴男军靴皮靴情侣款潮"},
  {"info":"台湾进口零食张君雅小妹妹12包零食组合甜甜圈捏脆面点心面礼包"}
]