[
[
{"src":"images/lb01.jpg"},
{"src":"images/lb02.jpg"},
{"src":"images/lb03.jpg"},
{"src":"images/lb04.jpg"}
],
[
{"src":"images/nav1.png","text":"一号团"},
{"src":"images/nav2.png","text":"充值中心"},
{"src":"images/nav3.png","text":"小区雷购"},
{"src":"images/nav4.png","text":"活色生鲜"},
{"src":"images/nav5.png","text":"进口美食"},
{"src":"images/nav6.png","text":"1号闪购"},
{"src":"images/nav7.png","text":"1号商城"},
{"src":"images/nav8.png","text":"年货大赏"},
{"src":"images/nav9.png","text":"新品试用"},
{"src":"images/nav10.png","text":"我的1号店"}
]
]