[
  [
{"src":"images/1.jpg"},
{"src":"images/2.jpg"},
{"src":"images/3.jpg"},
{"src":"images/4.jpg"},
{"src":"images/5.jpg"},
{"src":"images/6.jpg"},
{"src":"images/7.jpg"},
{"src":"images/8.jpg"}
  ],
  [
  {"src":"images/10.jpg","url":"#","name":"日丶久生情",
"string":"新增广播功能。","time":"07月05日 15:14"},
{"src":"images/10.jpg","url":"#","name":"日丶久生情",
"string":"新增Ctrl+Enter快捷键发送广播。","time":"07月05日 15:14"},
{"src":"images/10.jpg","url":"#","name":"日丶久生情",
"string":"新增选择头像功能。","time":"07月05日 15:14"},
{"src":"images/10.jpg","url":"#","name":"日丶久生情",
"string":"增加了记录广播时间的功能。","time":"07月05日 15:14"},
{"src":"images/10.jpg","url":"#","name":"日丶久生情",
"string":"增加了输入字符检测功能，英文/半角为半个字符，汉字/全角为一个字符。","time":"07月05日 15:14"},
{"src":"images/10.jpg","url":"#","name":"日丶久生情",
"string":"仿腾讯微博效果，欢迎大家测试！","time":"07月05日 15:14"}
]
]